[
  {
    "id": "unique-site-id",
    "name": "Religious Site Name",
    "type": "Temple",
    "typeColor": "bg-orange-100 text-orange-800",
    "state": "Your State Name",
    "location": "City, District",
    "description": "Detailed description of the religious site including history, significance, and cultural importance...",
    "image": "https://images.pexels.com/photos/XXXXX/pexels-photo-XXXXX.jpeg",
    "timings": "6:00 AM to 8:00 PM - Every day",
    "prasad": "Traditional offerings, Sacred items",
    "amenities": [
      "Clean premises",
      "Parking facilities", 
      "Drinking water",
      "Restrooms",
      "Security"
    ],
    "festivals": [
      "Major Festival 1",
      "Major Festival 2", 
      "Regional Festival"
    ],
    "contact": "+91 XXXXX XXXXX",
    "nearestTransport": {
      "airport": "Nearest Airport Name - XX km",
      "railway": "Nearest Railway Station - XX km", 
      "bus": "Nearest Bus Station - XX km"
    },
    "nearbyAttractions": [
      "Tourist Attraction 1",
      "Historical Site 2",
      "Natural Beauty 3"
    ],
    "nearbyHotels": [
      "Hotel Name 1",
      "Lodge Name 2", 
      "Guest House 3"
    ],
    "nearbyRestaurants": [
      "Restaurant 1",
      "Local Eatery 2",
      "Food Court 3"
    ],
    "specialFeatures": [
      "Unique architectural feature",
      "Historical significance",
      "Cultural importance"
    ]
  }
]